FILE NAME;FORMAT;SIZE;URL
COVID-1;PNG;256*256;https://sirm.org/category/senza-categoria/covid-19/
COVID-2;PNG;256*256;https://sirm.org/category/senza-categoria/covid-19/
COVID-3;PNG;256*256;https://sirm.org/category/senza-categoria/covid-19/
COVID-4;PNG;256*256;https://sirm.org/category/senza-categoria/covid-19/
COVID-5;PNG;256*256;https://sirm.org/category/senza-categoria/covid-19/
COVID-6;PNG;256*256;https://sirm.org/category/senza-categoria/covid-19/
COVID-7;PNG;256*256;https://sirm.org/category/senza-categoria/covid-19/
COVID-8;PNG;256*256;https://sirm.org/category/senza-categoria/covid-19/
COVID-9;PNG;256*256;https://sirm.org/category/senza-categoria/covid-19/
COVID-10;PNG;256*256;https://sirm.org/category/senza-categoria/covid-19/
COVID-11;PNG;256*256;https://sirm.org/category/senza-categoria/covid-19/
COVID-12;PNG;256*256;https://sirm.org/category/senza-categoria/covid-19/
COVID-13;PNG;256*256;https://sirm.org/category/senza-categoria/covid-19/
COVID-14;PNG;256*256;https://sirm.org/category/senza-categoria/covid-19/
COVID-15;PNG;256*256;https://sirm.org/category/senza-categoria/covid-19/
COVID-16;PNG;256*256;https://sirm.org/category/senza-categoria/covid-19/
COVID-17;PNG;256*256;https://sirm.org/category/senza-categoria/covid-19/
COVID-18;PNG;256*256;https://sirm.org/category/senza-categoria/covid-19/
COVID-19;PNG;256*256;https://sirm.org/category/senza-categoria/covid-19/
COVID-20;PNG;256*256;https://sirm.org/category/senza-categoria/covid-19/
COVID-21;PNG;256*256;https://sirm.org/category/senza-categoria/covid-19/
COVID-22;PNG;256*256;https://sirm.org/category/senza-categoria/covid-19/
COVID-23;PNG;256*256;https://sirm.org/category/senza-categoria/covid-19/
COVID-24;PNG;256*256;https://sirm.org/category/senza-categoria/covid-19/
COVID-25;PNG;256*256;https://sirm.org/category/senza-categoria/covid-19/
COVID-26;PNG;256*256;https://sirm.org/category/senza-categoria/covid-19/
COVID-27;PNG;256*256;https://sirm.org/category/senza-categoria/covid-19/
COVID-28;PNG;256*256;https://sirm.org/category/senza-categoria/covid-19/
COVID-29;PNG;256*256;https://sirm.org/category/senza-categoria/covid-19/
COVID-30;PNG;256*256;https://sirm.org/category/senza-categoria/covid-19/
COVID-31;PNG;256*256;https://sirm.org/category/senza-categoria/covid-19/
COVID-32;PNG;256*256;https://sirm.org/category/senza-categoria/covid-19/
COVID-33;PNG;256*256;https://sirm.org/category/senza-categoria/covid-19/
COVID-34;PNG;256*256;https://sirm.org/category/senza-categoria/covid-19/
COVID-35;PNG;256*256;https://sirm.org/category/senza-categoria/covid-19/
COVID-36;PNG;256*256;https://sirm.org/category/senza-categoria/covid-19/
COVID-37;PNG;256*256;https://sirm.org/category/senza-categoria/covid-19/
COVID-38;PNG;256*256;https://sirm.org/category/senza-categoria/covid-19/
COVID-39;PNG;256*256;https://sirm.org/category/senza-categoria/covid-19/
COVID-40;PNG;256*256;https://sirm.org/category/senza-categoria/covid-19/
COVID-41;PNG;256*256;https://sirm.org/category/senza-categoria/covid-19/
COVID-42;PNG;256*256;https://sirm.org/category/senza-categoria/covid-19/
COVID-43;PNG;256*256;https://sirm.org/category/senza-categoria/covid-19/
COVID-44;PNG;256*256;https://sirm.org/category/senza-categoria/covid-19/
COVID-45;PNG;256*256;https://sirm.org/category/senza-categoria/covid-19/
COVID-46;PNG;256*256;https://sirm.org/category/senza-categoria/covid-19/
COVID-47;PNG;256*256;https://sirm.org/category/senza-categoria/covid-19/
COVID-48;PNG;256*256;https://sirm.org/category/senza-categoria/covid-19/
COVID-49;PNG;256*256;https://sirm.org/category/senza-categoria/covid-19/
COVID-50;PNG;256*256;https://sirm.org/category/senza-categoria/covid-19/
COVID-51;PNG;256*256;https://sirm.org/category/senza-categoria/covid-19/
COVID-52;PNG;256*256;https://sirm.org/category/senza-categoria/covid-19/
COVID-53;PNG;256*256;https://sirm.org/category/senza-categoria/covid-19/
COVID-54;PNG;256*256;https://sirm.org/category/senza-categoria/covid-19/
COVID-55;PNG;256*256;https://sirm.org/category/senza-categoria/covid-19/
COVID-56;PNG;256*256;https://sirm.org/category/senza-categoria/covid-19/
COVID-57;PNG;256*256;https://sirm.org/category/senza-categoria/covid-19/
COVID-58;PNG;256*256;https://sirm.org/category/senza-categoria/covid-19/
COVID-59;PNG;256*256;https://sirm.org/category/senza-categoria/covid-19/
COVID-60;PNG;256*256;https://sirm.org/category/senza-categoria/covid-19/
COVID-61;PNG;256*256;https://sirm.org/category/senza-categoria/covid-19/
COVID-62;PNG;256*256;https://sirm.org/category/senza-categoria/covid-19/
COVID-63;PNG;256*256;https://sirm.org/category/senza-categoria/covid-19/
COVID-64;PNG;256*256;https://sirm.org/category/senza-categoria/covid-19/
COVID-65;PNG;256*256;https://sirm.org/category/senza-categoria/covid-19/
COVID-66;PNG;256*256;https://sirm.org/category/senza-categoria/covid-19/
COVID-67;PNG;256*256;https://sirm.org/category/senza-categoria/covid-19/
COVID-68;PNG;256*256;https://sirm.org/category/senza-categoria/covid-19/
COVID-69;PNG;256*256;https://sirm.org/category/senza-categoria/covid-19/
COVID-70;PNG;256*256;https://sirm.org/category/senza-categoria/covid-19/
COVID-71;PNG;256*256;https://sirm.org/category/senza-categoria/covid-19/
COVID-72;PNG;256*256;https://sirm.org/category/senza-categoria/covid-19/
COVID-73;PNG;256*256;https://sirm.org/category/senza-categoria/covid-19/
COVID-74;PNG;256*256;https://sirm.org/category/senza-categoria/covid-19/
COVID-75;PNG;256*256;https://sirm.org/category/senza-categoria/covid-19/
COVID-76;PNG;256*256;https://sirm.org/category/senza-categoria/covid-19/
COVID-77;PNG;256*256;https://sirm.org/category/senza-categoria/covid-19/
COVID-78;PNG;256*256;https://sirm.org/category/senza-categoria/covid-19/
COVID-79;PNG;256*256;https://sirm.org/category/senza-categoria/covid-19/
COVID-80;PNG;256*256;https://sirm.org/category/senza-categoria/covid-19/
COVID-81;PNG;256*256;https://sirm.org/category/senza-categoria/covid-19/
COVID-82;PNG;256*256;https://sirm.org/category/senza-categoria/covid-19/
COVID-83;PNG;256*256;https://sirm.org/category/senza-categoria/covid-19/
COVID-84;PNG;256*256;https://sirm.org/category/senza-categoria/covid-19/
COVID-85;PNG;256*256;https://sirm.org/category/senza-categoria/covid-19/
COVID-86;PNG;256*256;https://sirm.org/category/senza-categoria/covid-19/
COVID-87;PNG;256*256;https://sirm.org/category/senza-categoria/covid-19/
COVID-88;PNG;256*256;https://sirm.org/category/senza-categoria/covid-19/
COVID-89;PNG;256*256;https://sirm.org/category/senza-categoria/covid-19/
COVID-90;PNG;256*256;https://sirm.org/category/senza-categoria/covid-19/
COVID-91;PNG;256*256;https://sirm.org/category/senza-categoria/covid-19/
COVID-92;PNG;256*256;https://sirm.org/category/senza-categoria/covid-19/
COVID-93;PNG;256*256;https://sirm.org/category/senza-categoria/covid-19/
COVID-94;PNG;256*256;https://sirm.org/category/senza-categoria/covid-19/
COVID-95;PNG;256*256;https://sirm.org/category/senza-categoria/covid-19/
COVID-96;PNG;256*256;https://sirm.org/category/senza-categoria/covid-19/
COVID-97;PNG;256*256;https://sirm.org/category/senza-categoria/covid-19/
COVID-98;PNG;256*256;https://sirm.org/category/senza-categoria/covid-19/
COVID-99;PNG;256*256;https://sirm.org/category/senza-categoria/covid-19/
COVID-100;PNG;256*256;https://sirm.org/category/senza-categoria/covid-19/
COVID-101;PNG;256*256;https://sirm.org/category/senza-categoria/covid-19/
COVID-102;PNG;256*256;https://sirm.org/category/senza-categoria/covid-19/
COVID-103;PNG;256*256;https://sirm.org/category/senza-categoria/covid-19/
COVID-104;PNG;256*256;https://sirm.org/category/senza-categoria/covid-19/
COVID-105;PNG;256*256;https://sirm.org/category/senza-categoria/covid-19/
COVID-106;PNG;256*256;https://sirm.org/category/senza-categoria/covid-19/
COVID-107;PNG;256*256;https://sirm.org/category/senza-categoria/covid-19/
COVID-108;PNG;256*256;https://sirm.org/category/senza-categoria/covid-19/
COVID-109;PNG;256*256;https://sirm.org/category/senza-categoria/covid-19/
COVID-110;PNG;256*256;https://sirm.org/category/senza-categoria/covid-19/
COVID-111;PNG;256*256;https://sirm.org/category/senza-categoria/covid-19/
COVID-112;PNG;256*256;https://sirm.org/category/senza-categoria/covid-19/
COVID-113;PNG;256*256;https://sirm.org/category/senza-categoria/covid-19/
COVID-114;PNG;256*256;https://sirm.org/category/senza-categoria/covid-19/
COVID-115;PNG;256*256;https://sirm.org/category/senza-categoria/covid-19/
COVID-116;PNG;256*256;https://sirm.org/category/senza-categoria/covid-19/
COVID-117;PNG;256*256;https://sirm.org/category/senza-categoria/covid-19/
COVID-118;PNG;256*256;https://sirm.org/category/senza-categoria/covid-19/
COVID-119;PNG;256*256;https://sirm.org/category/senza-categoria/covid-19/
COVID-120;PNG;256*256;https://github.com/ml-workgroup/covid-19-image-repository/tree/master/png
COVID-121;PNG;256*256;https://github.com/ml-workgroup/covid-19-image-repository/tree/master/png
COVID-122;PNG;256*256;https://github.com/ml-workgroup/covid-19-image-repository/tree/master/png
COVID-123;PNG;256*256;https://github.com/ml-workgroup/covid-19-image-repository/tree/master/png
COVID-124;PNG;256*256;https://github.com/ml-workgroup/covid-19-image-repository/tree/master/png
COVID-125;PNG;256*256;https://github.com/ml-workgroup/covid-19-image-repository/tree/master/png
COVID-126;PNG;256*256;https://github.com/ml-workgroup/covid-19-image-repository/tree/master/png
COVID-127;PNG;256*256;https://github.com/ml-workgroup/covid-19-image-repository/tree/master/png
COVID-128;PNG;256*256;https://github.com/ml-workgroup/covid-19-image-repository/tree/master/png
COVID-129;PNG;256*256;https://github.com/ml-workgroup/covid-19-image-repository/tree/master/png
COVID-130;PNG;256*256;https://github.com/ml-workgroup/covid-19-image-repository/tree/master/png
COVID-131;PNG;256*256;https://github.com/ml-workgroup/covid-19-image-repository/tree/master/png
COVID-132;PNG;256*256;https://github.com/ml-workgroup/covid-19-image-repository/tree/master/png
COVID-133;PNG;256*256;https://github.com/ml-workgroup/covid-19-image-repository/tree/master/png
COVID-134;PNG;256*256;https://github.com/ml-workgroup/covid-19-image-repository/tree/master/png
COVID-135;PNG;256*256;https://github.com/ml-workgroup/covid-19-image-repository/tree/master/png
COVID-136;PNG;256*256;https://github.com/ml-workgroup/covid-19-image-repository/tree/master/png
COVID-137;PNG;256*256;https://github.com/ml-workgroup/covid-19-image-repository/tree/master/png
COVID-138;PNG;256*256;https://github.com/ml-workgroup/covid-19-image-repository/tree/master/png
COVID-139;PNG;256*256;https://github.com/ml-workgroup/covid-19-image-repository/tree/master/png
COVID-140;PNG;256*256;https://github.com/ml-workgroup/covid-19-image-repository/tree/master/png
COVID-141;PNG;256*256;https://github.com/ml-workgroup/covid-19-image-repository/tree/master/png
COVID-142;PNG;256*256;https://github.com/ml-workgroup/covid-19-image-repository/tree/master/png
COVID-143;PNG;256*256;https://github.com/ml-workgroup/covid-19-image-repository/tree/master/png
COVID-144;PNG;256*256;https://github.com/ml-workgroup/covid-19-image-repository/tree/master/png
COVID-145;PNG;256*256;https://github.com/ml-workgroup/covid-19-image-repository/tree/master/png
COVID-146;PNG;256*256;https://github.com/ml-workgroup/covid-19-image-repository/tree/master/png
COVID-147;PNG;256*256;https://github.com/ml-workgroup/covid-19-image-repository/tree/master/png
COVID-148;PNG;256*256;https://github.com/ml-workgroup/covid-19-image-repository/tree/master/png
COVID-149;PNG;256*256;https://github.com/ml-workgroup/covid-19-image-repository/tree/master/png
COVID-150;PNG;256*256;https://github.com/ml-workgroup/covid-19-image-repository/tree/master/png
COVID-151;PNG;256*256;https://github.com/ml-workgroup/covid-19-image-repository/tree/master/png
COVID-152;PNG;256*256;https://github.com/ml-workgroup/covid-19-image-repository/tree/master/png
COVID-153;PNG;256*256;https://github.com/ml-workgroup/covid-19-image-repository/tree/master/png
COVID-154;PNG;256*256;https://github.com/ml-workgroup/covid-19-image-repository/tree/master/png
COVID-155;PNG;256*256;https://github.com/ml-workgroup/covid-19-image-repository/tree/master/png
COVID-156;PNG;256*256;https://github.com/ml-workgroup/covid-19-image-repository/tree/master/png
COVID-157;PNG;256*256;https://github.com/ml-workgroup/covid-19-image-repository/tree/master/png
COVID-158;PNG;256*256;https://github.com/ml-workgroup/covid-19-image-repository/tree/master/png
COVID-159;PNG;256*256;https://github.com/ml-workgroup/covid-19-image-repository/tree/master/png
COVID-160;PNG;256*256;https://github.com/ml-workgroup/covid-19-image-repository/tree/master/png
COVID-161;PNG;256*256;https://github.com/ml-workgroup/covid-19-image-repository/tree/master/png
COVID-162;PNG;256*256;https://github.com/ml-workgroup/covid-19-image-repository/tree/master/png
COVID-163;PNG;256*256;https://github.com/ml-workgroup/covid-19-image-repository/tree/master/png
COVID-164;PNG;256*256;https://github.com/ml-workgroup/covid-19-image-repository/tree/master/png
COVID-165;PNG;256*256;https://github.com/ml-workgroup/covid-19-image-repository/tree/master/png
COVID-166;PNG;256*256;https://github.com/ml-workgroup/covid-19-image-repository/tree/master/png
COVID-167;PNG;256*256;https://github.com/ml-workgroup/covid-19-image-repository/tree/master/png
COVID-168;PNG;256*256;https://github.com/ml-workgroup/covid-19-image-repository/tree/master/png
COVID-169;PNG;256*256;https://github.com/ml-workgroup/covid-19-image-repository/tree/master/png
COVID-170;PNG;256*256;https://github.com/ml-workgroup/covid-19-image-repository/tree/master/png
COVID-171;PNG;256*256;https://github.com/ml-workgroup/covid-19-image-repository/tree/master/png
COVID-172;PNG;256*256;https://github.com/ml-workgroup/covid-19-image-repository/tree/master/png
COVID-173;PNG;256*256;https://github.com/ml-workgroup/covid-19-image-repository/tree/master/png
COVID-174;PNG;256*256;https://github.com/ml-workgroup/covid-19-image-repository/tree/master/png
COVID-175;PNG;256*256;https://github.com/ml-workgroup/covid-19-image-repository/tree/master/png
COVID-176;PNG;256*256;https://github.com/ml-workgroup/covid-19-image-repository/tree/master/png
COVID-177;PNG;256*256;https://github.com/ml-workgroup/covid-19-image-repository/tree/master/png
COVID-178;PNG;256*256;https://github.com/ml-workgroup/covid-19-image-repository/tree/master/png
COVID-179;PNG;256*256;https://github.com/ml-workgroup/covid-19-image-repository/tree/master/png
COVID-180;PNG;256*256;https://github.com/ml-workgroup/covid-19-image-repository/tree/master/png
